Workbook

Sheet How to use
A1: How to use this analyzer
A3: 1. Daily Pacing: pull each campaign's daily budget and today's spend-so-far from Campaign Manager, and note how many hours have elapsed in the day. The sheet compares actual spend to the share of budget that should be spent by this hour.
A4: 2. Overpacing means the campaign is on track to run out of budget before the day ends, missing later-day traffic. Underpacing means it's not spending its budget at all — check for a bid that's too low or a budget cap elsewhere in the portfolio.
A5: 3. Hourly Dayparting: pull the hour-of-day breakdown from the Search Term / Advertised Product report (or Sponsored Products dayparting report if enrolled) for one campaign at a time.
A6: 4. Hours flagged "Consider dayparting off" are burning spend at well above target ACOS or with zero orders — candidates for an ad-schedule rule via Amazon's dayparting tool or a bulk-operations hour-by-hour bid schedule.
A7: 5. Re-run weekly. A single bad day isn't a pattern — look for hours that show up flagged more than twice in a row before making a schedule change.
A9: Project Amazon PH Academy — Download Center

Sheet Settings
A1: Budget Pacing & Dayparting Analyzer — Settings
A3: Setting | B3: Value | C3: What it does
A4: Overpacing Threshold | B4: 1.2 | C4: Spend-to-expected ratio above this flags a campaign as burning budget too fast.
A5: Underpacing Threshold | B5: 0.7 | C5: Spend-to-expected ratio below this flags a campaign as losing exposure — check for budget caps or low bids.
A6: Target ACOS | B6: 0.3 | C6: Used on the Hourly Dayparting tab to flag high-ACOS hours.
A7: Dayparting ACOS Multiplier | B7: 1.5 | C7: An hour with ACOS above Target ACOS times this multiplier is flagged for dayparting review.

Sheet Daily Pacing
A1: Daily Budget Pacing
A2: Expected Spend = Daily Budget x (Hours Elapsed / 24). Compare it to actual spend so far to catch a campaign that will blow through budget by noon, or one that's barely spending.
A4: Campaign | B4: Daily Budget | C4: Hours Elapsed | D4: Spend So Far | E4: Expected Spend | F4: Pacing Ratio | G4: Status
A5: SP — Exact Match Winners | B5: 50 | C5: 10 | D5: 38.2 | E5: =B5*C5/24 | F5: =IFERROR(D5/E5,0) | G5: =IF(F5>Settings!$B$4,"Overpacing — may exhaust budget early",IF(F5<Settings!$B$5,"Underpacing — losing exposure","On pace"))
A6: SP — Broad Match Discovery | B6: 30 | C6: 10 | D6: 33.1 | E6: =B6*C6/24 | F6: =IFERROR(D6/E6,0) | G6: =IF(F6>Settings!$B$4,"Overpacing — may exhaust budget early",IF(F6<Settings!$B$5,"Underpacing — losing exposure","On pace"))
A7: SP — Auto | B7: 25 | C7: 10 | D7: 6.4 | E7: =B7*C7/24 | F7: =IFERROR(D7/E7,0) | G7: =IF(F7>Settings!$B$4,"Overpacing — may exhaust budget early",IF(F7<Settings!$B$5,"Underpacing — losing exposure","On pace"))
A8: SB — Brand Defense | B8: 40 | C8: 10 | D8: 18 | E8: =B8*C8/24 | F8: =IFERROR(D8/E8,0) | G8: =IF(F8>Settings!$B$4,"Overpacing — may exhaust budget early",IF(F8<Settings!$B$5,"Underpacing — losing exposure","On pace"))

Sheet Hourly Dayparting
A1: Hourly Dayparting
A2: Break one campaign's spend down by hour of day to find hours that burn budget at a bad ACOS — candidates for an ad-schedule (dayparting) rule.
A4: Hour of Day | B4: Impressions | C4: Clicks | D4: Spend | E4: Sales | F4: Orders | G4: ACOS | H4: Recommendation
A5: 00:00–01:00 | B5: 320 | C5: 8 | D5: 5.6 | E5: 22 | F5: 1 | G5: =IF(E5=0,"n/a",D5/E5) | H5: =IF(F5=0,"No orders — review or daypart off",IF(AND(ISNUMBER(G5),G5>Settings!$B$6*Settings!$B$7),"Consider dayparting off","Keep on"))
A6: 06:00–07:00 | B6: 1100 | C6: 34 | D6: 24.8 | E6: 210 | F6: 4 | G6: =IF(E6=0,"n/a",D6/E6) | H6: =IF(F6=0,"No orders — review or daypart off",IF(AND(ISNUMBER(G6),G6>Settings!$B$6*Settings!$B$7),"Consider dayparting off","Keep on"))
A7: 09:00–10:00 | B7: 2400 | C7: 88 | D7: 61.2 | E7: 480 | F7: 9 | G7: =IF(E7=0,"n/a",D7/E7) | H7: =IF(F7=0,"No orders — review or daypart off",IF(AND(ISNUMBER(G7),G7>Settings!$B$6*Settings!$B$7),"Consider dayparting off","Keep on"))
A8: 12:00–13:00 | B8: 3100 | C8: 120 | D8: 84.5 | E8: 260 | F8: 4 | G8: =IF(E8=0,"n/a",D8/E8) | H8: =IF(F8=0,"No orders — review or daypart off",IF(AND(ISNUMBER(G8),G8>Settings!$B$6*Settings!$B$7),"Consider dayparting off","Keep on"))
A9: 15:00–16:00 | B9: 2800 | C9: 95 | D9: 68.9 | E9: 590 | F9: 11 | G9: =IF(E9=0,"n/a",D9/E9) | H9: =IF(F9=0,"No orders — review or daypart off",IF(AND(ISNUMBER(G9),G9>Settings!$B$6*Settings!$B$7),"Consider dayparting off","Keep on"))
A10: 18:00–19:00 | B10: 3600 | C10: 140 | D10: 98.4 | E10: 340 | F10: 5 | G10: =IF(E10=0,"n/a",D10/E10) | H10: =IF(F10=0,"No orders — review or daypart off",IF(AND(ISNUMBER(G10),G10>Settings!$B$6*Settings!$B$7),"Consider dayparting off","Keep on"))
A11: 21:00–22:00 | B11: 1900 | C11: 70 | D11: 52.1 | E11: 88 | F11: 1 | G11: =IF(E11=0,"n/a",D11/E11) | H11: =IF(F11=0,"No orders — review or daypart off",IF(AND(ISNUMBER(G11),G11>Settings!$B$6*Settings!$B$7),"Consider dayparting off","Keep on"))
A12: 23:00–00:00 | B12: 500 | C12: 14 | D12: 9.8 | E12: 0 | F12: 0 | G12: =IF(E12=0,"n/a",D12/E12) | H12: =IF(F12=0,"No orders — review or daypart off",IF(AND(ISNUMBER(G12),G12>Settings!$B$6*Settings!$B$7),"Consider dayparting off","Keep on"))
