Workbook

Sheet How to use
A1: How to use this scorecard
A3: 1. Set your account's Target ACOS, Target CTR, and Target CVR benchmarks on the Settings tab.
A4: 2. Paste each campaign's Spend / Sales / Orders / Clicks / Impressions from the Campaign Manager or Bulk Operations export onto the Scorecard tab.
A5: 3. Health Score blends how each campaign compares to your targets: half the score comes from ACOS, a quarter from CTR, a quarter from CVR — so a campaign can't hide a bad ACOS behind a good CTR.
A6: 4. Campaigns below the Min Orders threshold show "Insufficient data" instead of a score — a handful of clicks isn't enough signal to judge a campaign yet.
A7: 5. Use this to triage a large portfolio fast: sort by Status and start your weekly review with everything marked "At risk", then "Watch".
A9: Project Amazon PH Academy — Download Center

Sheet Settings
A1: Campaign Health Scorecard — Settings
A3: Setting | B3: Value | C3: What it does
A4: Target ACOS | B4: 0.3 | C4: Break-even ACOS. Drives 50% of the health score.
A5: Target CTR | B5: 0.004 | C5: Benchmark click-through rate. Drives 25% of the health score.
A6: Target CVR | B6: 0.1 | C6: Benchmark conversion rate. Drives 25% of the health score.
A7: Min Orders for Score | B7: 3 | C7: Below this many orders, the score is not trusted — shown as "Insufficient data" instead.

Sheet Scorecard
A1: Campaign Health Scorecard
A2: Health Score (0-100) = 50% ACOS-vs-target + 25% CTR-vs-target + 25% CVR-vs-target, each capped at 100. It's a triage score to sort campaigns for review, not a certification of performance.
A4: Campaign | B4: Spend | C4: Sales | D4: Orders | E4: Clicks | F4: Impressions | G4: ACOS | H4: CTR | I4: CVR | J4: Health Score | K4: Status
A5: SP — Exact Match Winners | B5: 220.4 | C5: 1840 | D5: 28 | E5: 310 | F5: 9200 | G5: =IF(C5=0,"n/a",B5/C5) | H5: =IFERROR(E5/F5,0) | I5: =IFERROR(D5/E5,0) | J5: =IF(D5<Settings!$B$7,"n/a",ROUND(0.5*MAX(0,MIN(100,IF(ISNUMBER(G5),(Settings!$B$4/G5)*100,0)))+0.25*MAX(0,MIN(100,(H5/Settings!$B$5)*100))+0.25*MAX(0,MIN(100,(I5/Settings!$B$6)*100)),0)) | K5: =IF(D5<Settings!$B$7,"Insufficient data",IF(J5>=80,"Healthy",IF(J5>=50,"Watch","At risk")))
A6: SP — Broad Match Discovery | B6: 182.1 | C6: 400 | D6: 6 | E6: 311 | F6: 11200 | G6: =IF(C6=0,"n/a",B6/C6) | H6: =IFERROR(E6/F6,0) | I6: =IFERROR(D6/E6,0) | J6: =IF(D6<Settings!$B$7,"n/a",ROUND(0.5*MAX(0,MIN(100,IF(ISNUMBER(G6),(Settings!$B$4/G6)*100,0)))+0.25*MAX(0,MIN(100,(H6/Settings!$B$5)*100))+0.25*MAX(0,MIN(100,(I6/Settings!$B$6)*100)),0)) | K6: =IF(D6<Settings!$B$7,"Insufficient data",IF(J6>=80,"Healthy",IF(J6>=50,"Watch","At risk")))
A7: SP — Auto | B7: 158.6 | C7: 610 | D7: 9 | E7: 210 | F7: 7500 | G7: =IF(C7=0,"n/a",B7/C7) | H7: =IFERROR(E7/F7,0) | I7: =IFERROR(D7/E7,0) | J7: =IF(D7<Settings!$B$7,"n/a",ROUND(0.5*MAX(0,MIN(100,IF(ISNUMBER(G7),(Settings!$B$4/G7)*100,0)))+0.25*MAX(0,MIN(100,(H7/Settings!$B$5)*100))+0.25*MAX(0,MIN(100,(I7/Settings!$B$6)*100)),0)) | K7: =IF(D7<Settings!$B$7,"Insufficient data",IF(J7>=80,"Healthy",IF(J7>=50,"Watch","At risk")))
A8: SB — Brand Defense | B8: 95.3 | C8: 780 | D8: 13 | E8: 140 | F8: 5200 | G8: =IF(C8=0,"n/a",B8/C8) | H8: =IFERROR(E8/F8,0) | I8: =IFERROR(D8/E8,0) | J8: =IF(D8<Settings!$B$7,"n/a",ROUND(0.5*MAX(0,MIN(100,IF(ISNUMBER(G8),(Settings!$B$4/G8)*100,0)))+0.25*MAX(0,MIN(100,(H8/Settings!$B$5)*100))+0.25*MAX(0,MIN(100,(I8/Settings!$B$6)*100)),0)) | K8: =IF(D8<Settings!$B$7,"Insufficient data",IF(J8>=80,"Healthy",IF(J8>=50,"Watch","At risk")))
A9: SD — Retargeting | B9: 64 | C9: 40 | D9: 3 | E9: 55 | F9: 6100 | G9: =IF(C9=0,"n/a",B9/C9) | H9: =IFERROR(E9/F9,0) | I9: =IFERROR(D9/E9,0) | J9: =IF(D9<Settings!$B$7,"n/a",ROUND(0.5*MAX(0,MIN(100,IF(ISNUMBER(G9),(Settings!$B$4/G9)*100,0)))+0.25*MAX(0,MIN(100,(H9/Settings!$B$5)*100))+0.25*MAX(0,MIN(100,(I9/Settings!$B$6)*100)),0)) | K9: =IF(D9<Settings!$B$7,"Insufficient data",IF(J9>=80,"Healthy",IF(J9>=50,"Watch","At risk")))
