Workbook

Sheet How to use
A1: How to use this calculator
A3: 1. Pull the Placement report from Campaign Manager (Bulk Operations or the Placement tab).
A4: 2. Replace the sample rows on the Placements tab with your Campaign / Placement / Impressions / Clicks / Spend / Sales / Orders columns.
A5: 3. The Recommended Modifier column is expressed as Amazon enters it (e.g. 0.50 = +50%).
A6: 4. Set your account's Target ACOS and minimum-orders threshold on the Settings tab.
A7: 5. Copy recommended modifiers into Campaign Manager's placement bid adjustments manually — this sheet doesn't push changes automatically.
A9: Project Amazon PH Academy — Download Center

Sheet Settings
A1: Placement Bid Modifier Calculator — Settings
A3: Setting | B3: Value | C3: What it does
A4: Target ACOS | B4: 0.3 | C4: The account's break-even ACOS. Placements beating this get a positive modifier recommendation.
A5: Min Orders for a Recommendation | B5: 3 | C5: A placement needs at least this many orders before the calculator trusts its ACOS enough to recommend a change.

Sheet Placements
A1: Placement Bid Modifier Calculator
A2: Recommended modifier is Amazon's valid range: 0% to 900%. Rows with too few orders are left as "Insufficient data".
A4: Campaign | B4: Placement | C4: Impressions | D4: Clicks | E4: Spend | F4: Sales | G4: Orders | H4: CTR | I4: CVR | J4: ACOS | K4: Recommended Modifier
A5: SP — Exact Match Winners | B5: Top of Search | C5: 9200 | D5: 310 | E5: 220.4 | F5: 1840 | G5: 28 | H5: =IFERROR(D5/C5,0) | I5: =IFERROR(G5/D5,0) | J5: =IF(F5=0,"n/a",E5/F5) | K5: =IF(G5<Settings!$B$5,"Insufficient data",IF(ISNUMBER(J5),MAX(0,MIN(9,ROUND((Settings!$B$4/J5-1),2))),"n/a"))
A6: SP — Exact Match Winners | B6: Product Pages | C6: 4100 | D6: 95 | E6: 62.1 | F6: 380 | G6: 6 | H6: =IFERROR(D6/C6,0) | I6: =IFERROR(G6/D6,0) | J6: =IF(F6=0,"n/a",E6/F6) | K6: =IF(G6<Settings!$B$5,"Insufficient data",IF(ISNUMBER(J6),MAX(0,MIN(9,ROUND((Settings!$B$4/J6-1),2))),"n/a"))
A7: SP — Exact Match Winners | B7: Rest of Search | C7: 2600 | D7: 48 | E7: 28.9 | F7: 96 | G7: 2 | H7: =IFERROR(D7/C7,0) | I7: =IFERROR(G7/D7,0) | J7: =IF(F7=0,"n/a",E7/F7) | K7: =IF(G7<Settings!$B$5,"Insufficient data",IF(ISNUMBER(J7),MAX(0,MIN(9,ROUND((Settings!$B$4/J7-1),2))),"n/a"))
A8: SP — Broad Match Discovery | B8: Top of Search | C8: 6100 | D8: 180 | E8: 128.5 | F8: 340 | G8: 5 | H8: =IFERROR(D8/C8,0) | I8: =IFERROR(G8/D8,0) | J8: =IF(F8=0,"n/a",E8/F8) | K8: =IF(G8<Settings!$B$5,"Insufficient data",IF(ISNUMBER(J8),MAX(0,MIN(9,ROUND((Settings!$B$4/J8-1),2))),"n/a"))
A9: SP — Broad Match Discovery | B9: Product Pages | C9: 3300 | D9: 61 | E9: 41.2 | F9: 60 | G9: 1 | H9: =IFERROR(D9/C9,0) | I9: =IFERROR(G9/D9,0) | J9: =IF(F9=0,"n/a",E9/F9) | K9: =IF(G9<Settings!$B$5,"Insufficient data",IF(ISNUMBER(J9),MAX(0,MIN(9,ROUND((Settings!$B$4/J9-1),2))),"n/a"))
A10: SP — Broad Match Discovery | B10: Rest of Search | C10: 1800 | D10: 22 | E10: 12.4 | F10: 0 | G10: 0 | H10: =IFERROR(D10/C10,0) | I10: =IFERROR(G10/D10,0) | J10: =IF(F10=0,"n/a",E10/F10) | K10: =IF(G10<Settings!$B$5,"Insufficient data",IF(ISNUMBER(J10),MAX(0,MIN(9,ROUND((Settings!$B$4/J10-1),2))),"n/a"))
A11: SP — Auto | B11: Top of Search | C11: 7500 | D11: 210 | E11: 158.6 | F11: 610 | G11: 9 | H11: =IFERROR(D11/C11,0) | I11: =IFERROR(G11/D11,0) | J11: =IF(F11=0,"n/a",E11/F11) | K11: =IF(G11<Settings!$B$5,"Insufficient data",IF(ISNUMBER(J11),MAX(0,MIN(9,ROUND((Settings!$B$4/J11-1),2))),"n/a"))
A12: SB — Brand Defense | B12: Top of Search | C12: 5200 | D12: 140 | E12: 95.3 | F12: 780 | G12: 13 | H12: =IFERROR(D12/C12,0) | I12: =IFERROR(G12/D12,0) | J12: =IF(F12=0,"n/a",E12/F12) | K12: =IF(G12<Settings!$B$5,"Insufficient data",IF(ISNUMBER(J12),MAX(0,MIN(9,ROUND((Settings!$B$4/J12-1),2))),"n/a"))
