Workbook

Sheet How to use
A1: How to use the STR Winner/Bleeder Scanner
A3: 1. Open the Search Terms tab.
A4: 2. Replace the 18 sample rows with your own Search Term Report export (Search Term, Impressions, Clicks, Spend, Sales, Orders columns only — the rest are formulas).
A5: 3. Paste new rows below the header and drag the formulas in columns G–K down to match.
A6: 4. Adjust Target ACOS and the other thresholds on the Settings tab for the account you're working.
A7: 5. WINNER = enough orders at or under target ACOS. Increase the bid or move to its own campaign.
A8: 6. BLEEDER = spend with zero orders past the threshold. Add as a negative exact-match keyword.
A9: 7. WATCH = everything else. Leave it running and re-check next week.
A11: This is a starting framework, not a guarantee — always sanity-check flagged terms before acting, especially low-click-volume ones where the numbers are noisy.
A13: Project Amazon PH Academy — Download Center

Sheet Settings
A1: STR Winner/Bleeder Scanner — Settings
A3: Setting | B3: Value | C3: What it does
A4: Target ACOS | B4: 0.3 | C4: A search term below this ACOS qualifies as a Winner. Edit to match your account's break-even ACOS.
A5: Min Orders for Winner | B5: 2 | C5: A search term needs at least this many orders before it can be called a Winner.
A6: Min Spend to Flag Bleeder (no orders) | B6: 15 | C6: A zero-order search term is flagged Bleeder once it has spent at least this much.
A7: Min Clicks to Flag Bleeder (no orders) | B7: 10 | C7: A zero-order search term is also flagged Bleeder once it has this many clicks, even under the spend threshold.
A9: Yellow cells are the only ones you should edit on this sheet.

Sheet Search Terms
A1: Search Term | B1: Impressions | C1: Clicks | D1: Spend | E1: Sales | F1: Orders | G1: CTR | H1: CPC | I1: CVR | J1: ACOS | K1: Verdict
A2: stainless steel water bottle 32 oz | B2: 18400 | C2: 512 | D2: 341.2 | E2: 1620 | F2: 27 | G2: =IFERROR(C2/B2,0) | H2: =IFERROR(D2/C2,0) | I2: =IFERROR(F2/C2,0) | J2: =IF(E2=0,"n/a",D2/E2) | K2: =IF(F2>=Settings!$B$5,IF(AND(ISNUMBER(J2),J2<=Settings!$B$4),"WINNER","WATCH"),IF(AND(F2=0,OR(D2>=Settings!$B$6,C2>=Settings!$B$7)),"BLEEDER","WATCH"))
A3: insulated water bottle with straw | B3: 9200 | C3: 260 | D3: 178.4 | E3: 640 | F3: 9 | G3: =IFERROR(C3/B3,0) | H3: =IFERROR(D3/C3,0) | I3: =IFERROR(F3/C3,0) | J3: =IF(E3=0,"n/a",D3/E3) | K3: =IF(F3>=Settings!$B$5,IF(AND(ISNUMBER(J3),J3<=Settings!$B$4),"WINNER","WATCH"),IF(AND(F3=0,OR(D3>=Settings!$B$6,C3>=Settings!$B$7)),"BLEEDER","WATCH"))
A4: water bottle straw lid | B4: 6100 | C4: 205 | D4: 141.55 | E4: 84 | F4: 1 | G4: =IFERROR(C4/B4,0) | H4: =IFERROR(D4/C4,0) | I4: =IFERROR(F4/C4,0) | J4: =IF(E4=0,"n/a",D4/E4) | K4: =IF(F4>=Settings!$B$5,IF(AND(ISNUMBER(J4),J4<=Settings!$B$4),"WINNER","WATCH"),IF(AND(F4=0,OR(D4>=Settings!$B$6,C4>=Settings!$B$7)),"BLEEDER","WATCH"))
A5: kids water bottle leak proof | B5: 5400 | C5: 140 | D5: 96.3 | E5: 512 | F5: 8 | G5: =IFERROR(C5/B5,0) | H5: =IFERROR(D5/C5,0) | I5: =IFERROR(F5/C5,0) | J5: =IF(E5=0,"n/a",D5/E5) | K5: =IF(F5>=Settings!$B$5,IF(AND(ISNUMBER(J5),J5<=Settings!$B$4),"WINNER","WATCH"),IF(AND(F5=0,OR(D5>=Settings!$B$6,C5>=Settings!$B$7)),"BLEEDER","WATCH"))
A6: 32 oz tumbler with handle | B6: 15800 | C6: 388 | D6: 258.9 | E6: 940 | F6: 15 | G6: =IFERROR(C6/B6,0) | H6: =IFERROR(D6/C6,0) | I6: =IFERROR(F6/C6,0) | J6: =IF(E6=0,"n/a",D6/E6) | K6: =IF(F6>=Settings!$B$5,IF(AND(ISNUMBER(J6),J6<=Settings!$B$4),"WINNER","WATCH"),IF(AND(F6=0,OR(D6>=Settings!$B$6,C6>=Settings!$B$7)),"BLEEDER","WATCH"))
A7: motivational water bottle time marker | B7: 4100 | C7: 96 | D7: 63.2 | E7: 0 | F7: 0 | G7: =IFERROR(C7/B7,0) | H7: =IFERROR(D7/C7,0) | I7: =IFERROR(F7/C7,0) | J7: =IF(E7=0,"n/a",D7/E7) | K7: =IF(F7>=Settings!$B$5,IF(AND(ISNUMBER(J7),J7<=Settings!$B$4),"WINNER","WATCH"),IF(AND(F7=0,OR(D7>=Settings!$B$6,C7>=Settings!$B$7)),"BLEEDER","WATCH"))
A8: gym water bottle bpa free | B8: 7300 | C8: 175 | D8: 121.1 | E8: 305 | F8: 5 | G8: =IFERROR(C8/B8,0) | H8: =IFERROR(D8/C8,0) | I8: =IFERROR(F8/C8,0) | J8: =IF(E8=0,"n/a",D8/E8) | K8: =IF(F8>=Settings!$B$5,IF(AND(ISNUMBER(J8),J8<=Settings!$B$4),"WINNER","WATCH"),IF(AND(F8=0,OR(D8>=Settings!$B$6,C8>=Settings!$B$7)),"BLEEDER","WATCH"))
A9: water bottle | B9: 22000 | C9: 640 | D9: 512.8 | E9: 210 | F9: 3 | G9: =IFERROR(C9/B9,0) | H9: =IFERROR(D9/C9,0) | I9: =IFERROR(F9/C9,0) | J9: =IF(E9=0,"n/a",D9/E9) | K9: =IF(F9>=Settings!$B$5,IF(AND(ISNUMBER(J9),J9<=Settings!$B$4),"WINNER","WATCH"),IF(AND(F9=0,OR(D9>=Settings!$B$6,C9>=Settings!$B$7)),"BLEEDER","WATCH"))
A10: stainless steel tumbler 40 oz | B10: 12100 | C10: 330 | D10: 214.5 | E10: 780 | F10: 12 | G10: =IFERROR(C10/B10,0) | H10: =IFERROR(D10/C10,0) | I10: =IFERROR(F10/C10,0) | J10: =IF(E10=0,"n/a",D10/E10) | K10: =IF(F10>=Settings!$B$5,IF(AND(ISNUMBER(J10),J10<=Settings!$B$4),"WINNER","WATCH"),IF(AND(F10=0,OR(D10>=Settings!$B$6,C10>=Settings!$B$7)),"BLEEDER","WATCH"))
A11: water bottle for hiking | B11: 3900 | C11: 88 | D11: 58.1 | E11: 0 | F11: 0 | G11: =IFERROR(C11/B11,0) | H11: =IFERROR(D11/C11,0) | I11: =IFERROR(F11/C11,0) | J11: =IF(E11=0,"n/a",D11/E11) | K11: =IF(F11>=Settings!$B$5,IF(AND(ISNUMBER(J11),J11<=Settings!$B$4),"WINNER","WATCH"),IF(AND(F11=0,OR(D11>=Settings!$B$6,C11>=Settings!$B$7)),"BLEEDER","WATCH"))
A12: cute water bottle aesthetic | B12: 8800 | C12: 244 | D12: 168.7 | E12: 460 | F12: 7 | G12: =IFERROR(C12/B12,0) | H12: =IFERROR(D12/C12,0) | I12: =IFERROR(F12/C12,0) | J12: =IF(E12=0,"n/a",D12/E12) | K12: =IF(F12>=Settings!$B$5,IF(AND(ISNUMBER(J12),J12<=Settings!$B$4),"WINNER","WATCH"),IF(AND(F12=0,OR(D12>=Settings!$B$6,C12>=Settings!$B$7)),"BLEEDER","WATCH"))
A13: water bottle straw replacement | B13: 2100 | C13: 61 | D13: 34.9 | E13: 0 | F13: 0 | G13: =IFERROR(C13/B13,0) | H13: =IFERROR(D13/C13,0) | I13: =IFERROR(F13/C13,0) | J13: =IF(E13=0,"n/a",D13/E13) | K13: =IF(F13>=Settings!$B$5,IF(AND(ISNUMBER(J13),J13<=Settings!$B$4),"WINNER","WATCH"),IF(AND(F13=0,OR(D13>=Settings!$B$6,C13>=Settings!$B$7)),"BLEEDER","WATCH"))
... A19: 30 day water tracker bottle | B19: 5200 | C19: 118 | D19: 79.6 | E19: 380 | F19: 6 | G19: =IFERROR(C19/B19,0) | H19: =IFERROR(D19/C19,0) | I19: =IFERROR(F19/C19,0) | J19: =IF(E19=0,"n/a",D19/E19) | K19: =IF(F19>=Settings!$B$5,IF(AND(ISNUMBER(J19),J19<=Settings!$B$4),"WINNER","WATCH"),IF(AND(F19=0,OR(D19>=Settings!$B$6,C19>=Settings!$B$7)),"BLEEDER","WATCH"))
A21: TOTAL / BLENDED | B21: =SUM(B2:B19) | C21: =SUM(C2:C19) | D21: =SUM(D2:D19) | E21: =SUM(E2:E19) | F21: =SUM(F2:F19) | G21: =IFERROR(C21/B21,0) | H21: =IFERROR(D21/C21,0) | I21: =IFERROR(F21/C21,0) | J21: =IF(E21=0,"n/a",D21/E21)
A23: Winners: | B23: =COUNTIF(K2:K19,"WINNER")
A24: Bleeders: | B24: =COUNTIF(K2:K19,"BLEEDER")
A25: Watch list: | B25: =COUNTIF(K2:K19,"WATCH")
